{
    "Manhattan": {
        "mean_rent": 2665.6558295964123,
        "mean_pets": 0.2617713004484305,
        "mean_utilwinter": 129.76065022421525,
        "mean_utilsummer": 183.1530269058296
    },
    "Queens": {
        "mean_rent": 1902.972850678733,
        "mean_pets": 0.26998491704374056,
        "mean_utilwinter": 145.98717948717947,
        "mean_utilsummer": 190.51885369532428
    },
    "Brooklyn": {
        "mean_rent": 1818.926375054136,
        "mean_pets": 0.28757037678648767,
        "mean_utilwinter": 158.32221741013424,
        "mean_utilsummer": 194.56734517106972
    },
    "Staten Island": {
        "mean_rent": 1745.087591240876,
        "mean_pets": 0.39416058394160586,
        "mean_utilwinter": 271.97080291970804,
        "mean_utilsummer": 264.06569343065695
    },
    "Bronx": {
        "mean_rent": 1427.7405375754252,
        "mean_pets": 0.2945693911135491,
        "mean_utilwinter": 145.10148107515084,
        "mean_utilsummer": 216.2989577619309
    }
}